-- Rollen
insert into ROLLE (ID, NAME, BESCHREIBUNG, AKTIV) values (1, 'Admin', 'Administration TBN', 1);
insert into ROLLE (ID, NAME, BESCHREIBUNG, AKTIV) values (2, 'Sachbearbeiter', 'Sachbearbeitung', 1);
insert into ROLLE (ID, NAME, BESCHREIBUNG, AKTIV) values (3, 'Sachbearbeiter-Admin', 'Sachbearbeitung/Administration', 1);

-- Benutzer
insert into ZUGANG (ID, ZUGANGSKENNUNG, VORNAME, NACHNAME, PASSWORT, AKTIV, ROLLE_ID) values (1, 'TEST_USER', 'TEST1', 'TEST1', '271d8614be715e5c6f0576fe71d40f57b4aa73b81e1cc3089a7f9d078957bbb9', 1, 3);

-- Erhebungsbereich
insert into ERHEBUNGSBEREICH (ID, BEZEICHNUNG, BESCHREIBUNG) values (1, 'zno', 'Landwirtschaft und Fischerei');
insert into ERHEBUNGSBEREICH (ID, BEZEICHNUNG, BESCHREIBUNG) values (2, 'fsn', 'Forst');

-- Bereich
insert into BEREICH (ID, BEZEICHNUNG, BESCHREIBUNG, ERHEBUNGSBEREICH_ID) values (1, 'ldw', 'Landwirtschaft', 1);
insert into BEREICH (ID, BEZEICHNUNG, BESCHREIBUNG, ERHEBUNGSBEREICH_ID) values (2, 'fis', 'Fischerei', 1);
insert into BEREICH (ID, BEZEICHNUNG, BESCHREIBUNG, ERHEBUNGSBEREICH_ID) values (3, 'fsn', 'Forst', 2);

-- Befuellung von Betriebmapping Tabelle für das Deckblatt
-- DIMENSIONSTABELLE muss noch gesetzt werden
INSERT INTO BETRIEBMAPPING (DIMENSIONSTABELLE, COLUMNNAME, ATTRIBUT_NAME, VARIABLENNAME, BEREICH, DEFAULT_VALUE ) VALUES (null, null, 'Regierungsbezirk', '0004s02', 'ldw', 0);
INSERT INTO BETRIEBMAPPING (DIMENSIONSTABELLE, COLUMNNAME, ATTRIBUT_NAME, VARIABLENNAME, BEREICH, DEFAULT_VALUE ) VALUES (null, null, 'Landkreis', '0005s02', 'ldw', 0);
INSERT INTO BETRIEBMAPPING (DIMENSIONSTABELLE, COLUMNNAME, ATTRIBUT_NAME, VARIABLENNAME, BEREICH, DEFAULT_VALUE ) VALUES (null, null, 'Gemeinde', '0006s02', 'ldw', 0);
INSERT INTO BETRIEBMAPPING (DIMENSIONSTABELLE, COLUMNNAME, ATTRIBUT_NAME, VARIABLENNAME, BEREICH, DEFAULT_VALUE ) VALUES (null, null, 'BetriebsnrLwb', '0007s02', 'ldw', null);
INSERT INTO BETRIEBMAPPING (DIMENSIONSTABELLE, COLUMNNAME, ATTRIBUT_NAME, VARIABLENNAME, BEREICH, DEFAULT_VALUE ) VALUES (null, null, 'EuOrdnungsnummer', '0008s02', 'ldw', null);
INSERT INTO BETRIEBMAPPING (DIMENSIONSTABELLE, COLUMNNAME, ATTRIBUT_NAME, VARIABLENNAME, BEREICH, DEFAULT_VALUE ) VALUES ('LU_WAEHRUNG', 'WAEHRUNG_ID', 'WaehrungId', '0009s02', 'ldw', -1);
INSERT INTO BETRIEBMAPPING (DIMENSIONSTABELLE, COLUMNNAME, ATTRIBUT_NAME, VARIABLENNAME, BEREICH, DEFAULT_VALUE ) VALUES (null, null, 'FischereifahrzeigkarteiNr', '0010s02', 'ldw', null);
INSERT INTO BETRIEBMAPPING (DIMENSIONSTABELLE, COLUMNNAME, ATTRIBUT_NAME, VARIABLENNAME, BEREICH, DEFAULT_VALUE ) VALUES ('LU_JAHRESABSCHLUSSART', 'JAHRESABSCHLUSSART_ID', 'JahresabschlussartId', '0012s02', 'ldw', -1);
INSERT INTO BETRIEBMAPPING (DIMENSIONSTABELLE, COLUMNNAME, ATTRIBUT_NAME, VARIABLENNAME, BEREICH, DEFAULT_VALUE ) VALUES ('LU_ERWERBSCHARAKTER', 'ERWERBSCHARAKTER_ID', 'ErwerbscharakterId', '0018s02', 'ldw', -1);
INSERT INTO BETRIEBMAPPING (DIMENSIONSTABELLE, COLUMNNAME, ATTRIBUT_NAME, VARIABLENNAME, BEREICH, DEFAULT_VALUE ) VALUES ('LU_BETRIEBSART', 'BETRIEBSART_ID', 'BetriebsartId', '0019s02', 'ldw', -1);
INSERT INTO BETRIEBMAPPING (DIMENSIONSTABELLE, COLUMNNAME, ATTRIBUT_NAME, VARIABLENNAME, BEREICH, DEFAULT_VALUE ) VALUES ('LU_RECHTSFORM', 'RECHTSFORM_ID', 'RechtsformId', '0020s02', 'ldw', -1);
INSERT INTO BETRIEBMAPPING (DIMENSIONSTABELLE, COLUMNNAME, ATTRIBUT_NAME, VARIABLENNAME, BEREICH, DEFAULT_VALUE ) VALUES ('LU_GEBIETSZUGEHOERIGKEIT', 'GEBIETSZUGEHOERIGKEIT_ID', 'GebietzugehoerigkeitId', '0021s02', 'ldw', 0);
INSERT INTO BETRIEBMAPPING (DIMENSIONSTABELLE, COLUMNNAME, ATTRIBUT_NAME, VARIABLENNAME, BEREICH, DEFAULT_VALUE ) VALUES ('LU_WEINBAUGEBIET', 'WEINBAUGEBIET_ID', 'WeinbaugebietId', '0022s02', 'ldw', -1);
INSERT INTO BETRIEBMAPPING (DIMENSIONSTABELLE, COLUMNNAME, ATTRIBUT_NAME, VARIABLENNAME, BEREICH, DEFAULT_VALUE ) VALUES ('LU_BEWIRTSCHAFTUNGSFORM', 'BEWIRTSCHAFTUNGSFORM_ID', 'BewirtschaftungsformId', '0023s02', 'ldw', -1);
INSERT INTO BETRIEBMAPPING (DIMENSIONSTABELLE, COLUMNNAME, ATTRIBUT_NAME, VARIABLENNAME, BEREICH, DEFAULT_VALUE ) VALUES (null, null, 'Abschlussstichtag', '0024s02', 'ldw', null);
INSERT INTO BETRIEBMAPPING (DIMENSIONSTABELLE, COLUMNNAME, ATTRIBUT_NAME, VARIABLENNAME, BEREICH, DEFAULT_VALUE ) VALUES ('LU_VERGUETUNG', 'VERGUETUNG_ID', 'VeguetungId', '0025s02', 'ldw', -1);
INSERT INTO BETRIEBMAPPING (DIMENSIONSTABELLE, COLUMNNAME, ATTRIBUT_NAME, VARIABLENNAME, BEREICH, DEFAULT_VALUE ) VALUES ('LU_BUCHFUEHRUNGSART', 'BUCHFUEHRUNGSART_ID', 'BuchfuehrungartId', '0026s02', 'ldw', -1);
INSERT INTO BETRIEBMAPPING (DIMENSIONSTABELLE, COLUMNNAME, ATTRIBUT_NAME, VARIABLENNAME, BEREICH, DEFAULT_VALUE ) VALUES ('LU_VERBUCHUNG', 'VERBUCHUNG_ID', 'VerbuchungId', '0027s02', 'ldw', -1);
INSERT INTO BETRIEBMAPPING (DIMENSIONSTABELLE, COLUMNNAME, ATTRIBUT_NAME, VARIABLENNAME, BEREICH, DEFAULT_VALUE ) VALUES ('LU_UMSATZSTEUERSYSTEM', 'UMSATZSTEUERSYSTEM_ID', 'UmsatzsteuersystemId', '0028s02', 'ldw', -1);
INSERT INTO BETRIEBMAPPING (DIMENSIONSTABELLE, COLUMNNAME, ATTRIBUT_NAME, VARIABLENNAME, BEREICH, DEFAULT_VALUE ) VALUES (null, null, 'Plausikennzeichen', '0029s02', 'ldw', null);
INSERT INTO BETRIEBMAPPING (DIMENSIONSTABELLE, COLUMNNAME, ATTRIBUT_NAME, VARIABLENNAME, BEREICH, DEFAULT_VALUE ) VALUES (null, null, 'Stornokennzeichen', '0031s02', 'ldw', 0);

--EG Laender anlegen
insert into LAND (SCHLUESSEL, BUNDESLAND) values ('01', 'Schleswig-Holstein');
insert into LAND (SCHLUESSEL, BUNDESLAND) values ('02', 'Hamburg');
insert into LAND (SCHLUESSEL, BUNDESLAND) values ('03', 'Niedersachsen');
insert into LAND (SCHLUESSEL, BUNDESLAND) values ('04', 'Bremen');
insert into LAND (SCHLUESSEL, BUNDESLAND) values ('05', 'Nordrhein-Westfalen');
insert into LAND (SCHLUESSEL, BUNDESLAND) values ('06', 'Hessen');
insert into LAND (SCHLUESSEL, BUNDESLAND) values ('07', 'Rheinland-Pfalz');
insert into LAND (SCHLUESSEL, BUNDESLAND) values ('08', 'Baden-Württemberg');
insert into LAND (SCHLUESSEL, BUNDESLAND) values ('09', 'Bayern');
insert into LAND (SCHLUESSEL, BUNDESLAND) values ('10', 'Saarland');
insert into LAND (SCHLUESSEL, BUNDESLAND) values ('11', 'Berlin');
insert into LAND (SCHLUESSEL, BUNDESLAND) values ('12', 'Brandenburg');
insert into LAND (SCHLUESSEL, BUNDESLAND) values ('13', 'Mecklenburg-Vorpommern');
insert into LAND (SCHLUESSEL, BUNDESLAND) values ('14', 'Sachsen');
insert into LAND (SCHLUESSEL, BUNDESLAND) values ('15', 'Sachsen-Anhalt');
insert into LAND (SCHLUESSEL, BUNDESLAND) values ('16', 'Thüringen');
insert into LAND (SCHLUESSEL, BUNDESLAND) values ('99', 'Test');

--EG Bezirke anlegen
insert into BEZIRK (CODE, SCHLUESSEL, NAME, LAND_SCHLUESSEL) values ('0803', 3, 'Freiburg', '08');
insert into BEZIRK (CODE, SCHLUESSEL, NAME, LAND_SCHLUESSEL) values ('0802', 2, 'Karlsruhe', '08');
insert into BEZIRK (CODE, SCHLUESSEL, NAME, LAND_SCHLUESSEL) values ('0801', 1, 'Stuttgart', '08');
insert into BEZIRK (CODE, SCHLUESSEL, NAME, LAND_SCHLUESSEL) values ('0804', 4, 'Tübingen', '08');
insert into BEZIRK (CODE, SCHLUESSEL, NAME, LAND_SCHLUESSEL) values ('0905', 5, 'Mittelfranken', '09');
insert into BEZIRK (CODE, SCHLUESSEL, NAME, LAND_SCHLUESSEL) values ('0902', 2, 'Niederbayern', '09');
insert into BEZIRK (CODE, SCHLUESSEL, NAME, LAND_SCHLUESSEL) values ('0901', 1, 'Oberbayern', '09');
insert into BEZIRK (CODE, SCHLUESSEL, NAME, LAND_SCHLUESSEL) values ('0904', 4, 'Oberfranken', '09');
insert into BEZIRK (CODE, SCHLUESSEL, NAME, LAND_SCHLUESSEL) values ('0903', 3, 'Oberpfalz', '09');
insert into BEZIRK (CODE, SCHLUESSEL, NAME, LAND_SCHLUESSEL) values ('0907', 7, 'Schwaben', '09');
insert into BEZIRK (CODE, SCHLUESSEL, NAME, LAND_SCHLUESSEL) values ('0906', 6, 'Unterfranken', '09');
insert into BEZIRK (CODE, SCHLUESSEL, NAME, LAND_SCHLUESSEL) values ('1102', 2, 'Berlin-Ost', '11');
insert into BEZIRK (CODE, SCHLUESSEL, NAME, LAND_SCHLUESSEL) values ('1101', 1, 'Berlin-West', '11');
insert into BEZIRK (CODE, SCHLUESSEL, NAME, LAND_SCHLUESSEL) values ('1200', 0, 'Brandenburg', '12');
insert into BEZIRK (CODE, SCHLUESSEL, NAME, LAND_SCHLUESSEL) values ('0400', 0, 'Bremen', '04');
insert into BEZIRK (CODE, SCHLUESSEL, NAME, LAND_SCHLUESSEL) values ('0200', 0, 'Hamburg', '02');
insert into BEZIRK (CODE, SCHLUESSEL, NAME, LAND_SCHLUESSEL) values ('0604', 4, 'Darmstadt', '06');
insert into BEZIRK (CODE, SCHLUESSEL, NAME, LAND_SCHLUESSEL) values ('0605', 5, 'Gießen', '06');
insert into BEZIRK (CODE, SCHLUESSEL, NAME, LAND_SCHLUESSEL) values ('0606', 6, 'Kassel', '06');
insert into BEZIRK (CODE, SCHLUESSEL, NAME, LAND_SCHLUESSEL) values ('1300', 0, 'Mecklenburg-Vorpommern', '13');
insert into BEZIRK (CODE, SCHLUESSEL, NAME, LAND_SCHLUESSEL) values ('0301', 1, 'Braunschweig', '03');
insert into BEZIRK (CODE, SCHLUESSEL, NAME, LAND_SCHLUESSEL) values ('0302', 2, 'Hannover', '03');
insert into BEZIRK (CODE, SCHLUESSEL, NAME, LAND_SCHLUESSEL) values ('0303', 3, 'Lüneburg', '03');
insert into BEZIRK (CODE, SCHLUESSEL, NAME, LAND_SCHLUESSEL) values ('0304', 4, 'Weser-Ems', '03');
insert into BEZIRK (CODE, SCHLUESSEL, NAME, LAND_SCHLUESSEL) values ('0509', 9, 'Arnsberg', '05');
insert into BEZIRK (CODE, SCHLUESSEL, NAME, LAND_SCHLUESSEL) values ('0507', 7, 'Detmold', '05');
insert into BEZIRK (CODE, SCHLUESSEL, NAME, LAND_SCHLUESSEL) values ('0501', 1, 'Düsseldorf', '05');
insert into BEZIRK (CODE, SCHLUESSEL, NAME, LAND_SCHLUESSEL) values ('0503', 3, 'Köln', '05');
insert into BEZIRK (CODE, SCHLUESSEL, NAME, LAND_SCHLUESSEL) values ('0505', 5, 'Münster', '05');
insert into BEZIRK (CODE, SCHLUESSEL, NAME, LAND_SCHLUESSEL) values ('0701', 1, 'Koblenz', '07');
insert into BEZIRK (CODE, SCHLUESSEL, NAME, LAND_SCHLUESSEL) values ('0703', 3, 'Rheinhessen-Pfalz', '07');
insert into BEZIRK (CODE, SCHLUESSEL, NAME, LAND_SCHLUESSEL) values ('0702', 2, 'Trier', '07');
insert into BEZIRK (CODE, SCHLUESSEL, NAME, LAND_SCHLUESSEL) values ('1000', 0, 'Saarland', '10');
insert into BEZIRK (CODE, SCHLUESSEL, NAME, LAND_SCHLUESSEL) values ('1405', 5, 'Chemnitz', '14');
insert into BEZIRK (CODE, SCHLUESSEL, NAME, LAND_SCHLUESSEL) values ('1406', 6, 'Dresden', '14');
insert into BEZIRK (CODE, SCHLUESSEL, NAME, LAND_SCHLUESSEL) values ('1407', 7, 'Leipzig', '14');
insert into BEZIRK (CODE, SCHLUESSEL, NAME, LAND_SCHLUESSEL) values ('1500', 0, 'Sachsen-Anhalt', '15');
insert into BEZIRK (CODE, SCHLUESSEL, NAME, LAND_SCHLUESSEL) values ('0100', 0, 'Schleswig-Holstein', '01');
insert into BEZIRK (CODE, SCHLUESSEL, NAME, LAND_SCHLUESSEL) values ('1600', 0, 'Thüringen', '16');